8525f6d8251f71b7;unknown;iBoot;APPLE;IPAD 2;A1395;iOS;APPLE;iPad2,3;apple;release-keys;user;apple/apple/unknown_6.0.1/MMB29M2075073:user/release-keys
8525f6d8251f71b7;unknown;iBoot;APPLE;IPAD 2 A1396;A1396;iOS;APPLE;iPad2,3;apple;release-keys;user;apple/apple/unknown_6.0.1/MMB29M4359342:user/release-keys
8525f6d8251f71b7;unknown;iBoot;APPLE;IPAD 2 A1397;A1397;iOS;APPLE;iPad2,3;apple;release-keys;user;apple/apple/unknown_6.0.1/MMB29M257347:user/release-keys
8525f6d8251f71b7;unknown;iBoot;APPLE;IPAD 3;A1416;iOS;APPLE;iPad3,2;apple;release-keys;user;apple/apple/unknown_6.0.1/MMB29M730234:user/release-keys
8525f6d8251f71b7;unknown;iBoot;APPLE;IPAD 3 A1403;A1403;iOS;APPLE;iPad3,2;apple;release-keys;user;apple/apple/unknown_6.0.1/MMB29M7948214:user/release-keys
8525f6d8251f71b7;unknown;iBoot;APPLE;IPAD 3 A1430;A1430;iOS;APPLE;iPad3,2;apple;release-keys;user;apple/apple/unknown_6.0.1/MMB29M1104024:user/release-keys
8525f6d8251f71b7;unknown;iBoot;APPLE;IPAD 4;A1458;iOS;APPLE;iPad3,5;apple;release-keys;user;apple/apple/unknown_6.0.1/MMB29M8679143:user/release-keys
8525f6d8251f71b7;unknown;iBoot;APPLE;IPAD 4 A1459;A1459;iOS;APPLE;iPad3,5;apple;release-keys;user;apple/apple/unknown_6.0.1/MMB29M3431274:user/release-keys
8525f6d8251f71b7;unknown;iBoot;APPLE;IPAD 4 A1460;A1460;iOS;APPLE;iPad3,5;apple;release-keys;user;apple/apple/unknown_6.0.1/MMB29M73832:user/release-keys
8525f6d8251f71b7;unknown;iBoot;APPLE;IPAD AIR;A1474;iOS;APPLE;iPad4,2;apple;release-keys;user;apple/apple/unknown_6.0.1/MMB29M6930267:user/release-keys
8525f6d8251f71b7;unknown;iBoot;APPLE;IPAD AIR 2;A1566;iOS;APPLE;iPad4,2;apple;release-keys;user;apple/apple/unknown_6.0.1/MMB29M7147426:user/release-keys
8525f6d8251f71b7;unknown;iBoot;APPLE;IPAD AIR 2 A1567;A1567;iOS;APPLE;iPad4,2;apple;release-keys;user;apple/apple/unknown_6.0.1/MMB29M6021013:user/release-keys
8525f6d8251f71b7;unknown;iBoot;APPLE;IPAD AIR A1475;A1475;iOS;APPLE;iPad4,2;apple;release-keys;user;apple/apple/unknown_6.0.1/MMB29M6475908:user/release-keys
8525f6d8251f71b7;unknown;iBoot;APPLE;IPAD AIR A1476;A1476;iOS;APPLE;iPad4,2;apple;release-keys;user;apple/apple/unknown_6.0.1/MMB29M4577501:user/release-keys
8525f6d8251f71b7;unknown;iBoot;APPLE;IPAD MINI 2;A1489;iOS;APPLE;iPad4,5;apple;release-keys;user;apple/apple/unknown_6.0.1/MMB29M4024447:user/release-keys
8525f6d8251f71b7;unknown;iBoot;APPLE;IPAD MINI 2 A1490;A1490;iOS;APPLE;iPad4,5;apple;release-keys;user;apple/apple/unknown_6.0.1/MMB29M420477:user/release-keys
8525f6d8251f71b7;unknown;iBoot;APPLE;IPAD MINI 2 A1491;A1491;iOS;APPLE;iPad4,5;apple;release-keys;user;apple/apple/unknown_6.0.1/MMB29M246492:user/release-keys
8525f6d8251f71b7;unknown;iBoot;APPLE;IPAD MINI 3;A1599;iOS;APPLE;iPad4,8;apple;release-keys;user;apple/apple/unknown_6.0.1/MMB29M1772613:user/release-keys
8525f6d8251f71b7;unknown;iBoot;APPLE;IPAD MINI 3 A1600;A1600;iOS;APPLE;iPad4,8;apple;release-keys;user;apple/apple/unknown_6.0.1/MMB29M2865802:user/release-keys
8525f6d8251f71b7;unknown;iBoot;APPLE;IPAD MINI 3 A1601;A1601;iOS;APPLE;iPad4,8;apple;release-keys;user;apple/apple/unknown_6.0.1/MMB29M7326455:user/release-keys
8525f6d8251f71b7;unknown;iBoot;APPLE;IPAD MINI 4;A1550;iOS;APPLE;iPad4,8;apple;release-keys;user;apple/apple/unknown_6.0.1/MMB29M2845334:user/release-keys
8525f6d8251f71b7;unknown;iBoot;APPLE;IPAD MINI 4 WI-FI;A1538;iOS;APPLE;iPad5,2;apple;release-keys;user;apple/apple/unknown_6.0.1/MMB29M3556066:user/release-keys
8525f6d8251f71b7;unknown;iBoot;APPLE;IPAD MINI A1454;A1454;iOS;APPLE;iPad5,2;apple;release-keys;user;apple/apple/unknown_6.0.1/MMB29M7645446:user/release-keys
8525f6d8251f71b7;unknown;iBoot;APPLE;IPAD MINI A1455;A1455;iOS;APPLE;iPad5,2;apple;release-keys;user;apple/apple/unknown_6.0.1/MMB29M6216432:user/release-keys
8525f6d8251f71b7;unknown;iBoot;APPLE;IPAD PRO;A1652;iOS;APPLE;iPad6,4;apple;release-keys;user;apple/apple/unknown_6.0.1/MMB29M1883672:user/release-keys
8525f6d8251f71b7;unknown;iBoot;APPLE;IPAD PRO WI-FI;A1584;iOS;APPLE;iPad6,3;apple;release-keys;user;apple/apple/unknown_6.0.1/MMB29M5641510:user/release-keys
8525f6d8251f71b7;unknown;iBoot;APPLE;IPHONE 5;A1428;iOS;APPLE;iPhone5,1;apple;release-keys;user;apple/apple/unknown_6.0.1/MMB29M4496206:user/release-keys
8525f6d8251f71b7;unknown;iBoot;APPLE;IPHONE 5 A1429;A1429;iOS;APPLE;iPhone5,1;apple;release-keys;user;apple/apple/unknown_6.0.1/MMB29M2734152:user/release-keys
8525f6d8251f71b7;unknown;iBoot;APPLE;IPHONE 5 A1442;A1442;iOS;APPLE;iPhone5,1;apple;release-keys;user;apple/apple/unknown_6.0.1/MMB29M4763363:user/release-keys
8525f6d8251f71b7;unknown;iBoot;APPLE;IPHONE 5C;A1529;iOS;APPLE;iPhone5,3;apple;release-keys;user;apple/apple/unknown_6.0.1/MMB29M5037630:user/release-keys
8525f6d8251f71b7;unknown;iBoot;APPLE;IPHONE 5C A1456;A1456;iOS;APPLE;iPhone5,3;apple;release-keys;user;apple/apple/unknown_6.0.1/MMB29M4654003:user/release-keys
8525f6d8251f71b7;unknown;iBoot;APPLE;IPHONE 5C A1507;A1507;iOS;APPLE;iPhone5,3;apple;release-keys;user;apple/apple/unknown_6.0.1/MMB29M5027417:user/release-keys
8525f6d8251f71b7;unknown;iBoot;APPLE;IPHONE 5C A1532;A1516;iOS;APPLE;iPhone5,3;apple;release-keys;user;apple/apple/unknown_6.0.1/MMB29M4779042:user/release-keys
8525f6d8251f71b7;unknown;iBoot;APPLE;IPHONE 5C A1532 CDMA;A1532 CDMA;iOS;APPLE;iPhone5,3;apple;release-keys;user;apple/apple/unknown_6.0.1/MMB29M2227998:user/release-keys
8525f6d8251f71b7;unknown;iBoot;APPLE;IPHONE 5S;A1530;iOS;APPLE;iPhone6,1;apple;release-keys;user;apple/apple/unknown_6.0.1/MMB29M7695664:user/release-keys
8525f6d8251f71b7;unknown;iBoot;APPLE;IPHONE 5S A1453;A1453;iOS;APPLE;iPhone6,1;apple;release-keys;user;apple/apple/unknown_6.0.1/MMB29M6487312:user/release-keys
8525f6d8251f71b7;unknown;iBoot;APPLE;IPHONE 5S A1457;A1457;iOS;APPLE;iPhone6,1;apple;release-keys;user;apple/apple/unknown_6.0.1/MMB29M6381537:user/release-keys
8525f6d8251f71b7;unknown;iBoot;APPLE;IPHONE 5S A1518;A1518;iOS;APPLE;iPhone6,1;apple;release-keys;user;apple/apple/unknown_6.0.1/MMB29M1076975:user/release-keys
8525f6d8251f71b7;unknown;iBoot;APPLE;IPHONE 5S A1528;A1528;iOS;APPLE;iPhone6,1;apple;release-keys;user;apple/apple/unknown_6.0.1/MMB29M8791510:user/release-keys
8525f6d8251f71b7;unknown;iBoot;APPLE;IPHONE 5S A1530 CHINA;A1530 CHINA;iOS;APPLE;iPhone6,1;apple;release-keys;user;apple/apple/unknown_6.0.1/MMB29M6326979:user/release-keys
8525f6d8251f71b7;unknown;iBoot;APPLE;IPHONE 5S A1533;A1533;iOS;APPLE;iPhone6,1;apple;release-keys;user;apple/apple/unknown_6.0.1/MMB29M4016191:user/release-keys
8525f6d8251f71b7;unknown;iBoot;APPLE;IPHONE 5S A1533 CDMA;A1533 CDMA;iOS;APPLE;iPhone6,1;apple;release-keys;user;apple/apple/unknown_6.0.1/MMB29M8287093:user/release-keys
8525f6d8251f71b7;unknown;iBoot;APPLE;IPHONE 6;A1549;iOS;APPLE;iPhone8,1;apple;release-keys;user;apple/apple/unknown_6.0.1/MMB29M2015300:user/release-keys
8525f6d8251f71b7;unknown;iBoot;APPLE;IPHONE 6 A1549 CDMA;A1549 CDMA;iOS;APPLE;iPhone8,1;apple;release-keys;user;apple/apple/unknown_6.0.1/MMB29M7909786:user/release-keys
8525f6d8251f71b7;unknown;iBoot;APPLE;IPHONE 6 A1586;A1586;iOS;APPLE;iPhone8,1;apple;release-keys;user;apple/apple/unknown_6.0.1/MMB29M7777206:user/release-keys
8525f6d8251f71b7;unknown;iBoot;APPLE;IPHONE 6 A1589;A1589;iOS;APPLE;iPhone8,1;apple;release-keys;user;apple/apple/unknown_6.0.1/MMB29M5548831:user/release-keys
8525f6d8251f71b7;unknown;iBoot;APPLE;IPHONE 6 PLUS;A1522;iOS;APPLE;iPhone8,1;apple;release-keys;user;apple/apple/unknown_6.0.1/MMB29M5528246:user/release-keys
8525f6d8251f71b7;unknown;iBoot;APPLE;IPHONE 6 PLUS A1522 CDMA;A1522 CDMA;iOS;APPLE;iPhone8,1;apple;release-keys;user;apple/apple/unknown_6.0.1/MMB29M1975615:user/release-keys
8525f6d8251f71b7;unknown;iBoot;APPLE;IPHONE 6 PLUS A1524;A1524;iOS;APPLE;iPhone8,1;apple;release-keys;user;apple/apple/unknown_6.0.1/MMB29M2424523:user/release-keys
8525f6d8251f71b7;unknown;iBoot;APPLE;IPHONE 6 PLUS A1593;A1593;iOS;APPLE;iPhone8,1;apple;release-keys;user;apple/apple/unknown_6.0.1/MMB29M289286:user/release-keys
8525f6d8251f71b7;unknown;iBoot;APPLE;IPHONE 6S;A1633;iOS;APPLE;iPhone8,2;apple;release-keys;user;apple/apple/unknown_6.0.1/MMB29M9138290:user/release-keys
8525f6d8251f71b7;unknown;iBoot;APPLE;IPHONE 6S A1688;A1688;iOS;APPLE;iPhone8,2;apple;release-keys;user;apple/apple/unknown_6.0.1/MMB29M725617:user/release-keys
8525f6d8251f71b7;unknown;iBoot;APPLE;IPHONE 6S A1691;A1691;iOS;APPLE;iPhone8,2;apple;release-keys;user;apple/apple/unknown_6.0.1/MMB29M3472594:user/release-keys
8525f6d8251f71b7;unknown;iBoot;APPLE;IPHONE 6S A1700;A1700;iOS;APPLE;iPhone8,2;apple;release-keys;user;apple/apple/unknown_6.0.1/MMB29M2650642:user/release-keys
8525f6d8251f71b7;unknown;iBoot;APPLE;IPHONE 6S PLUS;A1634;iOS;APPLE;iPhone8,2;apple;release-keys;user;apple/apple/unknown_6.0.1/MMB29M4545111:user/release-keys
8525f6d8251f71b7;unknown;iBoot;APPLE;IPHONE 6S PLUS A1687;A1687;iOS;APPLE;iPhone8,2;apple;release-keys;user;apple/apple/unknown_6.0.1/MMB29M1157729:user/release-keys
8525f6d8251f71b7;unknown;iBoot;APPLE;IPHONE 6S PLUS A1690;A1690;iOS;APPLE;iPhone8,2;apple;release-keys;user;apple/apple/unknown_6.0.1/MMB29M4912179:user/release-keys
8525f6d8251f71b7;unknown;iBoot;APPLE;IPHONE 6S PLUS A1699;A1699;iOS;APPLE;iPhone8,2;apple;release-keys;user;apple/apple/unknown_6.0.1/MMB29M332946:user/release-keys
8525f6d8251f71b7;MSM9038;unknown;DELL;AERO;AERO;qcom;DELL;SM-G925T;google;release-keys;user;dell/google/msm9038_6.0.1/MMB29M9051330:user/release-keys
8525f6d8251f71b7;MSM9039;unknown;DELL;FLASH;FLASH;qcom;DELL;SM-G925T;google;release-keys;user;dell/google/msm9039_6.0.1/MMB29M3186163:user/release-keys
8525f6d8251f71b7;MSM9040;unknown;DELL;MINI 3IX;MINI 3IX;qcom;DELL;SM-G925T;google;release-keys;user;dell/google/msm9040_6.0.1/MMB29M4153186:user/release-keys
8525f6d8251f71b7;MSM9041;unknown;DELL;SMOKE;SMOKE;qcom;DELL;SM-G925T;google;release-keys;user;dell/google/msm9041_6.0.1/MMB29M538283:user/release-keys
8525f6d8251f71b7;MSM9042;unknown;DELL;STREAK;M01M;qcom;DELL;SM-G925T;google;release-keys;user;dell/google/msm9042_6.0.1/MMB29M9622763:user/release-keys
8525f6d8251f71b7;MSM9043;unknown;DELL;STREAK 10 PRO;STREAK 10 PRO;qcom;DELL;SM-G925T;google;release-keys;user;dell/google/msm9043_6.0.1/MMB29M8396531:user/release-keys
8525f6d8251f71b7;MSM9044;unknown;DELL;STREAK 7;MO2M;qcom;DELL;SM-G925T;google;release-keys;user;dell/google/msm9044_6.0.1/MMB29M6535432:user/release-keys
8525f6d8251f71b7;MSM9045;unknown;DELL;STREAK 7 WI-FI;STREAK 7 WI-FI;qcom;DELL;SM-G925T;google;release-keys;user;dell/google/msm9045_6.0.1/MMB29M4844270:user/release-keys
8525f6d8251f71b7;MSM9046;unknown;DELL;STREAK PRO;STREAK PRO;qcom;DELL;SM-G925T;google;release-keys;user;dell/google/msm9046_6.0.1/MMB29M5455775:user/release-keys
8525f6d8251f71b7;MSM9047;unknown;DELL;STREAK US;STREAK US;qcom;DELL;SM-G925T;google;release-keys;user;dell/google/msm9047_6.0.1/MMB29M7491292:user/release-keys
8525f6d8251f71b7;MSM9048;unknown;DELL;VENUE 10 7000;VENUE 10 7000;qcom;DELL;SM-G925T;google;release-keys;user;dell/google/msm9048_6.0.1/MMB29M2745687:user/release-keys
8525f6d8251f71b7;MSM9049;unknown;DELL;VENUE 7;VENUE 7;qcom;DELL;SM-G925T;google;release-keys;user;dell/google/msm9049_6.0.1/MMB29M2209238:user/release-keys
8525f6d8251f71b7;MSM9050;unknown;DELL;VENUE 7 3730;3730;qcom;DELL;SM-G925T;google;release-keys;user;dell/google/msm9050_6.0.1/MMB29M7979339:user/release-keys
8525f6d8251f71b7;MSM9051;unknown;DELL;VENUE 7 3730 8GB;VENUE 7 3730 8GB;qcom;DELL;SM-G925T;google;release-keys;user;dell/google/msm9051_6.0.1/MMB29M1067843:user/release-keys
8525f6d8251f71b7;MSM9052;unknown;DELL;VENUE 7 3741;3741;qcom;DELL;SM-G925T;google;release-keys;user;dell/google/msm9052_6.0.1/MMB29M3681560:user/release-keys
8525f6d8251f71b7;MSM9053;unknown;DELL;VENUE 7 WIFI;VENUE 7 WIFI;qcom;DELL;SM-G925T;google;release-keys;user;dell/google/msm9053_6.0.1/MMB29M4704136:user/release-keys
8525f6d8251f71b7;MSM9054;unknown;DELL;VENUE 8;VENUE 8;qcom;DELL;SM-G925T;google;release-keys;user;dell/google/msm9054_6.0.1/MMB29M3634348:user/release-keys
8525f6d8251f71b7;MSM9055;unknown;DELL;VENUE 8 3840;3840;qcom;DELL;SM-G925T;google;release-keys;user;dell/google/msm9055_6.0.1/MMB29M8597328:user/release-keys
8525f6d8251f71b7;MSM9056;unknown;DELL;VENUE 8 7000;7840;qcom;DELL;SM-G925T;google;release-keys;user;dell/google/msm9056_6.0.1/MMB29M4035445:user/release-keys
8525f6d8251f71b7;MSM9057;unknown;DELL;VENUE 8 7000 LTE;VENUE 8 7000 LTE;qcom;DELL;SM-G925T;google;release-keys;user;dell/google/msm9057_6.0.1/MMB29M4109990:user/release-keys
8525f6d8251f71b7;MSM9058;unknown;DELL;VENUE 8 WIFI;3830;qcom;DELL;SM-G925T;google;release-keys;user;dell/google/msm9058_6.0.1/MMB29M3124060:user/release-keys
8525f6d8251f71b7;MSM9059;unknown;DELL;VENUE THUNDER;VENUE THUNDER;qcom;DELL;SM-G925T;google;release-keys;user;dell/google/msm9059_6.0.1/MMB29M3969392:user/release-keys
8525f6d8251f71b7;MSM9060;unknown;DELL;VENUE THUNDER NA;VENUE THUNDER NA;qcom;DELL;SM-G925T;google;release-keys;user;dell/google/msm9060_6.0.1/MMB29M7070917:user/release-keys
8525f6d8251f71b7;MSM9061;unknown;DELL;XCD 28;XCD 28;qcom;DELL;SM-G925T;google;release-keys;user;dell/google/msm9061_6.0.1/MMB29M3219429:user/release-keys
8525f6d8251f71b7;MSM9062;unknown;DELL;XCD 35;XCD 35;qcom;DELL;SM-G925T;google;release-keys;user;dell/google/msm9062_6.0.1/MMB29M2706559:user/release-keys
8525f6d8251f71b7;MSM9063;unknown;SONY;TABLET P;TABLET P;qcom;SONY;SM-G925T;google;release-keys;user;sony/google/msm9063_6.0.1/MMB29M4953608:user/release-keys
8525f6d8251f71b7;MSM9064;unknown;SONY;TABLET P 3G;TABLET P 3G;qcom;SONY;SM-G925T;google;release-keys;user;sony/google/msm9064_6.0.1/MMB29M4400248:user/release-keys
8525f6d8251f71b7;MSM9065;unknown;SONY;XPERIA A;SO-04E;qcom;SONY;SM-G925T;google;release-keys;user;sony/google/msm9065_6.0.1/MMB29M4851351:user/release-keys
8525f6d8251f71b7;MSM9066;unknown;SONY;XPERIA A2;SO-04F;qcom;SONY;SM-G925T;google;release-keys;user;sony/google/msm9066_6.0.1/MMB29M7754400:user/release-keys
8525f6d8251f71b7;MSM9067;unknown;SONY;XPERIA A4;SO-04G;qcom;SONY;SM-G925T;google;release-keys;user;sony/google/msm9067_6.0.1/MMB29M9966525:user/release-keys
8525f6d8251f71b7;MSM9068;unknown;SONY;XPERIA ACRO S;LT26W;qcom;SONY;SM-G925T;google;release-keys;user;sony/google/msm9068_6.0.1/MMB29M4241336:user/release-keys
8525f6d8251f71b7;MSM9069;unknown;SONY;XPERIA AX;SO-01E;qcom;SONY;SM-G925T;google;release-keys;user;sony/google/msm9069_6.0.1/MMB29M943607:user/release-keys
8525f6d8251f71b7;MSM9070;unknown;SONY;XPERIA C;C2304;qcom;SONY;SM-G925T;google;release-keys;user;sony/google/msm9070_6.0.1/MMB29M9435238:user/release-keys
8525f6d8251f71b7;MSM9071;unknown;SONY;XPERIA C S39C;S39C;qcom;SONY;SM-G925T;google;release-keys;user;sony/google/msm9071_6.0.1/MMB29M4970526:user/release-keys
8525f6d8251f71b7;MSM9072;unknown;SONY;XPERIA C S39H;S39H;qcom;SONY;SM-G925T;google;release-keys;user;sony/google/msm9072_6.0.1/MMB29M6671210:user/release-keys
8525f6d8251f71b7;MSM9073;unknown;SONY;XPERIA C3;D2533;qcom;SONY;SM-G925T;google;release-keys;user;sony/google/msm9073_6.0.1/MMB29M4018582:user/release-keys
8525f6d8251f71b7;MSM9074;unknown;SONY;XPERIA C3 DUAL;S55U;qcom;SONY;SM-G925T;google;release-keys;user;sony/google/msm9074_6.0.1/MMB29M8750449:user/release-keys
8525f6d8251f71b7;MSM9075;unknown;SONY;XPERIA C3 DUAL D2502;D2502;qcom;SONY;SM-G925T;google;release-keys;user;sony/google/msm9075_6.0.1/MMB29M6899552:user/release-keys
8525f6d8251f71b7;MSM9076;unknown;SONY;XPERIA C3 DUAL S55T;S55T;qcom;SONY;SM-G925T;google;release-keys;user;sony/google/msm9076_6.0.1/MMB29M161167:user/release-keys
8525f6d8251f71b7;MSM9077;unknown;SONY;XPERIA C4;E5303;qcom;SONY;SM-G925T;google;release-keys;user;sony/google/msm9077_6.0.1/MMB29M989411:user/release-keys
8525f6d8251f71b7;MSM9078;unknown;SONY;XPERIA C4 DUAL;E5333;qcom;SONY;SM-G925T;google;release-keys;user;sony/google/msm9078_6.0.1/MMB29M9855288:user/release-keys
8525f6d8251f71b7;MSM9079;unknown;SONY;XPERIA C4 DUAL E5343;E5343;qcom;SONY;SM-G925T;google;release-keys;user;sony/google/msm9079_6.0.1/MMB29M2291142:user/release-keys
8525f6d8251f71b7;MSM9080;unknown;SONY;XPERIA C4 DUAL E5363;E5363;qcom;SONY;SM-G925T;google;release-keys;user;sony/google/msm9080_6.0.1/MMB29M8384528:user/release-keys
8525f6d8251f71b7;MSM9081;unknown;SONY;XPERIA C4 E5306;E5306;qcom;SONY;SM-G925T;google;release-keys;user;sony/google/msm9081_6.0.1/MMB29M66930:user/release-keys
8525f6d8251f71b7;MSM9082;unknown;SONY;XPERIA C4 E5353;E5353;qcom;SONY;SM-G925T;google;release-keys;user;sony/google/msm9082_6.0.1/MMB29M8971133:user/release-keys
8525f6d8251f71b7;MSM9083;unknown;SONY;XPERIA C5 ULTRA;E5553;qcom;SONY;SM-G925T;google;release-keys;user;sony/google/msm9083_6.0.1/MMB29M7686697:user/release-keys
8525f6d8251f71b7;MSM9084;unknown;SONY;XPERIA C5 ULTRA DUAL;E5533;qcom;SONY;SM-G925T;google;release-keys;user;sony/google/msm9084_6.0.1/MMB29M6171566:user/release-keys
8525f6d8251f71b7;MSM9085;unknown;SONY;XPERIA C5 ULTRA DUAL E5563;E5563;qcom;SONY;SM-G925T;google;release-keys;user;sony/google/msm9085_6.0.1/MMB29M2720413:user/release-keys
8525f6d8251f71b7;MSM9086;unknown;SONY;XPERIA C5 ULTRA E5506;E5506;qcom;SONY;SM-G925T;google;release-keys;user;sony/google/msm9086_6.0.1/MMB29M8174393:user/release-keys
8525f6d8251f71b7;MSM9087;unknown;SONY;XPERIA C670X;C670X;qcom;SONY;SM-G925T;google;release-keys;user;sony/google/msm9087_6.0.1/MMB29M1645569:user/release-keys
8525f6d8251f71b7;MSM9088;unknown;SONY;XPERIA E;C1505;qcom;SONY;SM-G925T;google;release-keys;user;sony/google/msm9088_6.0.1/MMB29M7062997:user/release-keys
8525f6d8251f71b7;MSM9089;unknown;SONY;XPERIA E C1504;C1504;qcom;SONY;SM-G925T;google;release-keys;user;sony/google/msm9089_6.0.1/MMB29M3388147:user/release-keys
8525f6d8251f71b7;MSM9090;unknown;SONY;XPERIA E DUAL;C1605;qcom;SONY;SM-G925T;google;release-keys;user;sony/google/msm9090_6.0.1/MMB29M8387235:user/release-keys
8525f6d8251f71b7;MSM9091;unknown;SONY;XPERIA E DUAL C1604;C1604;qcom;SONY;SM-G925T;google;release-keys;user;sony/google/msm9091_6.0.1/MMB29M3818101:user/release-keys
8525f6d8251f71b7;MSM9092;unknown;SONY;XPERIA E1;D2005;qcom;SONY;SM-G925T;google;release-keys;user;sony/google/msm9092_6.0.1/MMB29M3639035:user/release-keys
8525f6d8251f71b7;MSM9093;unknown;SONY;XPERIA E1 2;XPERIA E1 2;qcom;SONY;SM-G925T;google;release-keys;user;sony/google/msm9093_6.0.1/MMB29M170303:user/release-keys
8525f6d8251f71b7;MSM9094;unknown;SONY;XPERIA E1 D2004;D2004;qcom;SONY;SM-G925T;google;release-keys;user;sony/google/msm9094_6.0.1/MMB29M9004103:user/release-keys
8525f6d8251f71b7;MSM9095;unknown;SONY;XPERIA E1 DUAL;D2104;qcom;SONY;SM-G925T;google;release-keys;user;sony/google/msm9095_6.0.1/MMB29M4743242:user/release-keys
8525f6d8251f71b7;MSM9096;unknown;SONY;XPERIA E1 DUAL D2105;D2105;qcom;SONY;SM-G925T;google;release-keys;user;sony/google/msm9096_6.0.1/MMB29M371531:user/release-keys
8525f6d8251f71b7;MSM9097;unknown;SONY;XPERIA E1 DUAL D2114;D2114;qcom;SONY;SM-G925T;google;release-keys;user;sony/google/msm9097_6.0.1/MMB29M5595186:user/release-keys
8525f6d8251f71b7;MSM9098;unknown;SONY;XPERIA E3;D2202;qcom;SONY;SM-G925T;google;release-keys;user;sony/google/msm9098_6.0.1/MMB29M8770477:user/release-keys
8525f6d8251f71b7;MSM9099;unknown;SONY;XPERIA E3 D2203;D2203;qcom;SONY;SM-G925T;google;release-keys;user;sony/google/msm9099_6.0.1/MMB29M7447329:user/release-keys
8525f6d8251f71b7;MSM9100;unknown;SONY;XPERIA E3 D2206;D2206;qcom;SONY;SM-G925T;google;release-keys;user;sony/google/msm9100_6.0.1/MMB29M1781068:user/release-keys
8525f6d8251f71b7;MSM9101;unknown;SONY;XPERIA E3 D2243;D2243;qcom;SONY;SM-G925T;google;release-keys;user;sony/google/msm9101_6.0.1/MMB29M9510632:user/release-keys
8525f6d8251f71b7;MSM9102;unknown;SONY;XPERIA E3 DUAL;D2212;qcom;SONY;SM-G925T;google;release-keys;user;sony/google/msm9102_6.0.1/MMB29M5701079:user/release-keys
8525f6d8251f71b7;MSM9103;unknown;SONY;XPERIA E4;E2104;qcom;SONY;SM-G925T;google;release-keys;user;sony/google/msm9103_6.0.1/MMB29M1265998:user/release-keys
8525f6d8251f71b7;MSM9104;unknown;SONY;XPERIA E4 DUAL;E2114;qcom;SONY;SM-G925T;google;release-keys;user;sony/google/msm9104_6.0.1/MMB29M9838741:user/release-keys
8525f6d8251f71b7;MSM9105;unknown;SONY;XPERIA E4 DUAL E2115;E2115;qcom;SONY;SM-G925T;google;release-keys;user;sony/google/msm9105_6.0.1/MMB29M4412668:user/release-keys
8525f6d8251f71b7;MSM9106;unknown;SONY;XPERIA E4 E2105;E2105;qcom;SONY;SM-G925T;google;release-keys;user;sony/google/msm9106_6.0.1/MMB29M6373242:user/release-keys
8525f6d8251f71b7;MSM9107;unknown;SONY;XPERIA E4G;E2003;qcom;SONY;SM-G925T;google;release-keys;user;sony/google/msm9107_6.0.1/MMB29M5826885:user/release-keys
8525f6d8251f71b7;MSM9108;unknown;SONY;XPERIA E4G DUAL;E2033;qcom;SONY;SM-G925T;google;release-keys;user;sony/google/msm9108_6.0.1/MMB29M6198029:user/release-keys
8525f6d8251f71b7;MSM9109;unknown;SONY;XPERIA E4G DUAL E2043;E2043;qcom;SONY;SM-G925T;google;release-keys;user;sony/google/msm9109_6.0.1/MMB29M9255982:user/release-keys
8525f6d8251f71b7;MSM9110;unknown;SONY;XPERIA E4G DUAL E2063;E2063;qcom;SONY;SM-G925T;google;release-keys;user;sony/google/msm9110_6.0.1/MMB29M8537145:user/release-keys
8525f6d8251f71b7;MSM9111;unknown;SONY;XPERIA E4G E2006;E2006;qcom;SONY;SM-G925T;google;release-keys;user;sony/google/msm9111_6.0.1/MMB29M6003982:user/release-keys
8525f6d8251f71b7;MSM9112;unknown;SONY;XPERIA E4G E2053;E2053;qcom;SONY;SM-G925T;google;release-keys;user;sony/google/msm9112_6.0.1/MMB29M467595:user/release-keys
8525f6d8251f71b7;MSM9113;unknown;SONY;XPERIA GO;ST27I;qcom;SONY;SM-G925T;google;release-keys;user;sony/google/msm9113_6.0.1/MMB29M6797833:user/release-keys
8525f6d8251f71b7;MSM9114;unknown;SONY;XPERIA GO ST27A;ST27A;qcom;SONY;SM-G925T;google;release-keys;user;sony/google/msm9114_6.0.1/MMB29M5874233:user/release-keys
8525f6d8251f71b7;MSM9115;unknown;SONY;XPERIA GX;SO-04D;qcom;SONY;SM-G925T;google;release-keys;user;sony/google/msm9115_6.0.1/MMB29M4799220:user/release-keys
8525f6d8251f71b7;MSM9116;unknown;SONY;XPERIA HATSUNE MIKU;XPERIA HATSUNE MIKU;qcom;SONY;SM-G925T;google;release-keys;user;sony/google/msm9116_6.0.1/MMB29M3457013:user/release-keys
8525f6d8251f71b7;MSM9117;unknown;SONY;XPERIA ION HSPA;LT28H;qcom;SONY;SM-G925T;google;release-keys;user;sony/google/msm9117_6.0.1/MMB29M9559435:user/release-keys
8525f6d8251f71b7;MSM9118;unknown;SONY;XPERIA ION LTE;LT28I;qcom;SONY;SM-G925T;google;release-keys;user;sony/google/msm9118_6.0.1/MMB29M7787134:user/release-keys
8525f6d8251f71b7;MSM9119;unknown;SONY;XPERIA ION LTE AT&T;LT28AT;qcom;SONY;SM-G925T;google;release-keys;user;sony/google/msm9119_6.0.1/MMB29M5993464:user/release-keys
8525f6d8251f71b7;MSM9120;unknown;SONY;XPERIA J;ST26I;qcom;SONY;SM-G925T;google;release-keys;user;sony/google/msm9120_6.0.1/MMB29M6855387:user/release-keys
8525f6d8251f71b7;MSM9121;unknown;SONY;XPERIA J ST26A;ST26A;qcom;SONY;SM-G925T;google;release-keys;user;sony/google/msm9121_6.0.1/MMB29M929481:user/release-keys
8525f6d8251f71b7;MSM9122;unknown;SONY;XPERIA L;C2105;qcom;SONY;SM-G925T;google;release-keys;user;sony/google/msm9122_6.0.1/MMB29M176116:user/release-keys
8525f6d8251f71b7;MSM9123;unknown;SONY;XPERIA L C2104;C2104;qcom;SONY;SM-G925T;google;release-keys;user;sony/google/msm9123_6.0.1/MMB29M2030413:user/release-keys
8525f6d8251f71b7;MSM9124;unknown;SONY;XPERIA M;C1904;qcom;SONY;SM-G925T;google;release-keys;user;sony/google/msm9124_6.0.1/MMB29M3759877:user/release-keys
8525f6d8251f71b7;MSM9125;unknown;SONY;XPERIA M C1905;C1905;qcom;SONY;SM-G925T;google;release-keys;user;sony/google/msm9125_6.0.1/MMB29M921382:user/release-keys
8525f6d8251f71b7;MSM9126;unknown;SONY;XPERIA M DUAL;C2005;qcom;SONY;SM-G925T;google;release-keys;user;sony/google/msm9126_6.0.1/MMB29M8956993:user/release-keys
8525f6d8251f71b7;MSM9127;unknown;SONY;XPERIA M DUAL C2004;C2004;qcom;SONY;SM-G925T;google;release-keys;user;sony/google/msm9127_6.0.1/MMB29M1853897:user/release-keys
8525f6d8251f71b7;MSM9128;unknown;SONY;XPERIA M2;D2303;qcom;SONY;SM-G925T;google;release-keys;user;sony/google/msm9128_6.0.1/MMB29M2520016:user/release-keys
8525f6d8251f71b7;MSM9129;unknown;SONY;XPERIA M2 AQUA;D2403;qcom;SONY;SM-G925T;google;release-keys;user;sony/google/msm9129_6.0.1/MMB29M7184430:user/release-keys
8525f6d8251f71b7;MSM9130;unknown;SONY;XPERIA M2 AQUA D2406;D2406;qcom;SONY;SM-G925T;google;release-keys;user;sony/google/msm9130_6.0.1/MMB29M8533216:user/release-keys
8525f6d8251f71b7;MSM9131;unknown;SONY;XPERIA M2 D2305;D2305;qcom;SONY;SM-G925T;google;release-keys;user;sony/google/msm9131_6.0.1/MMB29M8953116:user/release-keys
8525f6d8251f71b7;MSM9132;unknown;SONY;XPERIA M2 D2306;D2306;qcom;SONY;SM-G925T;google;release-keys;user;sony/google/msm9132_6.0.1/MMB29M6588648:user/release-keys
8525f6d8251f71b7;MSM9133;unknown;SONY;XPERIA M2 DUAL;D2302;qcom;SONY;SM-G925T;google;release-keys;user;sony/google/msm9133_6.0.1/MMB29M3772399:user/release-keys
8525f6d8251f71b7;MSM9134;unknown;SONY;XPERIA M2 DUAL S50H;S50H;qcom;SONY;SM-G925T;google;release-keys;user;sony/google/msm9134_6.0.1/MMB29M9639020:user/release-keys
8525f6d8251f71b7;MSM9135;unknown;SONY;XPERIA M4 AQUA;E2303;qcom;SONY;SM-G925T;google;release-keys;user;sony/google/msm9135_6.0.1/MMB29M6008675:user/release-keys
8525f6d8251f71b7;MSM9136;unknown;SONY;XPERIA M4 AQUA DUAL;E2312;qcom;SONY;SM-G925T;google;release-keys;user;sony/google/msm9136_6.0.1/MMB29M9957218:user/release-keys
8525f6d8251f71b7;MSM9137;unknown;SONY;XPERIA M4 AQUA DUAL E2333;E2333;qcom;SONY;SM-G925T;google;release-keys;user;sony/google/msm9137_6.0.1/MMB29M209700:user/release-keys
8525f6d8251f71b7;MSM9138;unknown;SONY;XPERIA M4 AQUA DUAL E2363;E2363;qcom;SONY;SM-G925T;google;release-keys;user;sony/google/msm9138_6.0.1/MMB29M8489219:user/release-keys
8525f6d8251f71b7;MSM9139;unknown;SONY;XPERIA M4 AQUA E2302;E2302;qcom;SONY;SM-G925T;google;release-keys;user;sony/google/msm9139_6.0.1/MMB29M4003521:user/release-keys
8525f6d8251f71b7;MSM9140;unknown;SONY;XPERIA M4 AQUA E2306;E2306;qcom;SONY;SM-G925T;google;release-keys;user;sony/google/msm9140_6.0.1/MMB29M5324429:user/release-keys
8525f6d8251f71b7;MSM9141;unknown;SONY;XPERIA M4 AQUA E2353;E2353;qcom;SONY;SM-G925T;google;release-keys;user;sony/google/msm9141_6.0.1/MMB29M7049232:user/release-keys
8525f6d8251f71b7;MSM9142;unknown;SONY;XPERIA M5;E5603;qcom;SONY;SM-G925T;google;release-keys;user;sony/google/msm9142_6.0.1/MMB29M3323369:user/release-keys
8525f6d8251f71b7;MSM9143;unknown;SONY;XPERIA M5 DUAL;E5633;qcom;SONY;SM-G925T;google;release-keys;user;sony/google/msm9143_6.0.1/MMB29M4557066:user/release-keys
8525f6d8251f71b7;MSM9144;unknown;SONY;XPERIA M5 DUAL E5643;E5643;qcom;SONY;SM-G925T;google;release-keys;user;sony/google/msm9144_6.0.1/MMB29M3873786:user/release-keys
8525f6d8251f71b7;MSM9145;unknown;SONY;XPERIA M5 DUAL E5663;E5663;qcom;SONY;SM-G925T;google;release-keys;user;sony/google/msm9145_6.0.1/MMB29M7411804:user/release-keys
8525f6d8251f71b7;MSM9146;unknown;SONY;XPERIA M5 E5606;E5606;qcom;SONY;SM-G925T;google;release-keys;user;sony/google/msm9146_6.0.1/MMB29M5020978:user/release-keys
8525f6d8251f71b7;MSM9147;unknown;SONY;XPERIA M5 E5653;E5653;qcom;SONY;SM-G925T;google;release-keys;user;sony/google/msm9147_6.0.1/MMB29M6955798:user/release-keys
8525f6d8251f71b7;MSM9148;unknown;SONY;XPERIA MIRO;ST23I;qcom;SONY;SM-G925T;google;release-keys;user;sony/google/msm9148_6.0.1/MMB29M7134484:user/release-keys
8525f6d8251f71b7;MSM9149;unknown;SONY;XPERIA MIRO ST23A;ST23A;qcom;SONY;SM-G925T;google;release-keys;user;sony/google/msm9149_6.0.1/MMB29M6650371:user/release-keys
8525f6d8251f71b7;MSM9150;unknown;SONY;XPERIA NEO L;MT25I;qcom;SONY;SM-G925T;google;release-keys;user;sony/google/msm9150_6.0.1/MMB29M5055664:user/release-keys
8525f6d8251f71b7;MSM9151;unknown;SONY;XPERIA P;LT22I;qcom;SONY;SM-G925T;google;release-keys;user;sony/google/msm9151_6.0.1/MMB29M8413919:user/release-keys
8525f6d8251f71b7;MSM9152;unknown;SONY;XPERIA S;LT26I;qcom;SONY;SM-G925T;google;release-keys;user;sony/google/msm9152_6.0.1/MMB29M9252542:user/release-keys
8525f6d8251f71b7;MSM9153;unknown;SONY;XPERIA SL;LT26II;qcom;SONY;SM-G925T;google;release-keys;user;sony/google/msm9153_6.0.1/MMB29M2359701:user/release-keys
8525f6d8251f71b7;MSM9154;unknown;SONY;XPERIA SOLA;MT27I;qcom;SONY;SM-G925T;google;release-keys;user;sony/google/msm9154_6.0.1/MMB29M4351525:user/release-keys
8525f6d8251f71b7;MSM9155;unknown;SONY;XPERIA SP;C5302;qcom;SONY;SM-G925T;google;release-keys;user;sony/google/msm9155_6.0.1/MMB29M5897177:user/release-keys
8525f6d8251f71b7;MSM9156;unknown;SONY;XPERIA SP C5306;C5306;qcom;SONY;SM-G925T;google;release-keys;user;sony/google/msm9156_6.0.1/MMB29M7348293:user/release-keys
8525f6d8251f71b7;MSM9157;unknown;SONY;XPERIA SP CDMA;M35C;qcom;SONY;SM-G925T;google;release-keys;user;sony/google/msm9157_6.0.1/MMB29M6820393:user/release-keys
8525f6d8251f71b7;MSM9158;unknown;SONY;XPERIA SP LTE;C5303;qcom;SONY;SM-G925T;google;release-keys;user;sony/google/msm9158_6.0.1/MMB29M5001571:user/release-keys
8525f6d8251f71b7;MSM9159;unknown;SONY;XPERIA SP M35TS;M35TS;qcom;SONY;SM-G925T;google;release-keys;user;sony/google/msm9159_6.0.1/MMB29M387708:user/release-keys
8525f6d8251f71b7;MSM9160;unknown;SONY;XPERIA SP TD-LTE;M35T;qcom;SONY;SM-G925T;google;release-keys;user;sony/google/msm9160_6.0.1/MMB29M4494155:user/release-keys
8525f6d8251f71b7;MSM9161;unknown;SONY;XPERIA SX;SO-05D;qcom;SONY;SM-G925T;google;release-keys;user;sony/google/msm9161_6.0.1/MMB29M2154321:user/release-keys
8525f6d8251f71b7;MSM9162;unknown;SONY;XPERIA T;LT30P;qcom;SONY;SM-G925T;google;release-keys;user;sony/google/msm9162_6.0.1/MMB29M3616009:user/release-keys
8525f6d8251f71b7;MSM9163;unknown;SONY;XPERIA T LTE;LT30A;qcom;SONY;SM-G925T;google;release-keys;user;sony/google/msm9163_6.0.1/MMB29M6792862:user/release-keys
8525f6d8251f71b7;MSM9164;unknown;SONY;XPERIA T2 ULTRA;D5303;qcom;SONY;SM-G925T;google;release-keys;user;sony/google/msm9164_6.0.1/MMB29M7182407:user/release-keys
8525f6d8251f71b7;MSM9165;unknown;SONY;XPERIA T2 ULTRA D5306;D5306;qcom;SONY;SM-G925T;google;release-keys;user;sony/google/msm9165_6.0.1/MMB29M9128368:user/release-keys
8525f6d8251f71b7;MSM9166;unknown;SONY;XPERIA T2 ULTRA D5316;D5316;qcom;SONY;SM-G925T;google;release-keys;user;sony/google/msm9166_6.0.1/MMB29M4903606:user/release-keys
8525f6d8251f71b7;MSM9167;unknown;SONY;XPERIA T2 ULTRA DUAL;D5322;qcom;SONY;SM-G925T;google;release-keys;user;sony/google/msm9167_6.0.1/MMB29M3607850:user/release-keys
8525f6d8251f71b7;MSM9168;unknown;SONY;XPERIA T2 ULTRA DUAL XM50H;XM50H;qcom;SONY;SM-G925T;google;release-keys;user;sony/google/msm9168_6.0.1/MMB29M7243830:user/release-keys
8525f6d8251f71b7;MSM9169;unknown;SONY;XPERIA T2 ULTRA XM50T;XM50T;qcom;SONY;SM-G925T;google;release-keys;user;sony/google/msm9169_6.0.1/MMB29M7944973:user/release-keys
8525f6d8251f71b7;MSM9170;unknown;SONY;XPERIA T3;D5103;qcom;SONY;SM-G925T;google;release-keys;user;sony/google/msm9170_6.0.1/MMB29M3509592:user/release-keys
8525f6d8251f71b7;MSM9171;unknown;SONY;XPERIA T3 D5102;D5102;qcom;SONY;SM-G925T;google;release-keys;user;sony/google/msm9171_6.0.1/MMB29M1727661:user/release-keys
8525f6d8251f71b7;MSM9172;unknown;SONY;XPERIA T3 D5106;D5106;qcom;SONY;SM-G925T;google;release-keys;user;sony/google/msm9172_6.0.1/MMB29M2630083:user/release-keys
8525f6d8251f71b7;MSM9173;unknown;SONY;XPERIA T3 M50W;M50W;qcom;SONY;SM-G925T;google;release-keys;user;sony/google/msm9173_6.0.1/MMB29M7847693:user/release-keys
8525f6d8251f71b7;MSM9174;unknown;SONY;XPERIA TABLET S;XPERIA TABLET S;qcom;SONY;SM-G925T;google;release-keys;user;sony/google/msm9174_6.0.1/MMB29M2081876:user/release-keys
8525f6d8251f71b7;MSM9175;unknown;SONY;XPERIA TABLET S 3G;SGPT131A1;qcom;SONY;SM-G925T;google;release-keys;user;sony/google/msm9175_6.0.1/MMB29M3491021:user/release-keys
8525f6d8251f71b7;MSM9176;unknown;SONY;XPERIA TABLET Z;SGP321;qcom;SONY;SM-G925T;google;release-keys;user;sony/google/msm9176_6.0.1/MMB29M6232868:user/release-keys
8525f6d8251f71b7;MSM9177;unknown;SONY;XPERIA TABLET Z SGP341;SGP341;qcom;SONY;SM-G925T;google;release-keys;user;sony/google/msm9177_6.0.1/MMB29M5810479:user/release-keys
8525f6d8251f71b7;MSM9178;unknown;SONY;XPERIA TABLET Z SGP351;SGP351;qcom;SONY;SM-G925T;google;release-keys;user;sony/google/msm9178_6.0.1/MMB29M8635726:user/release-keys
8525f6d8251f71b7;MSM9179;unknown;SONY;XPERIA TABLET Z SO-03E;SO-03E;qcom;SONY;SM-G925T;google;release-keys;user;sony/google/msm9179_6.0.1/MMB29M584857:user/release-keys
8525f6d8251f71b7;MSM9180;unknown;SONY;XPERIA TABLET Z WIFI;SGP311;qcom;SONY;SM-G925T;google;release-keys;user;sony/google/msm9180_6.0.1/MMB29M4689716:user/release-keys
8525f6d8251f71b7;MSM9181;unknown;SONY;XPERIA TIPO;ST21I;qcom;SONY;SM-G925T;google;release-keys;user;sony/google/msm9181_6.0.1/MMB29M5045743:user/release-keys
8525f6d8251f71b7;MSM9182;unknown;SONY;XPERIA TIPO DUAL;ST21A2;qcom;SONY;SM-G925T;google;release-keys;user;sony/google/msm9182_6.0.1/MMB29M8144852:user/release-keys
8525f6d8251f71b7;MSM9183;unknown;SONY;XPERIA TIPO DUAL ST21I2;ST21I2;qcom;SONY;SM-G925T;google;release-keys;user;sony/google/msm9183_6.0.1/MMB29M5255164:user/release-keys
8525f6d8251f71b7;MSM9184;unknown;SONY;XPERIA TIPO ST21A;ST21A;qcom;SONY;SM-G925T;google;release-keys;user;sony/google/msm9184_6.0.1/MMB29M9273122:user/release-keys
8525f6d8251f71b7;MSM9185;unknown;SONY;XPERIA TL;LT30AT;qcom;SONY;SM-G925T;google;release-keys;user;sony/google/msm9185_6.0.1/MMB29M630184:user/release-keys
8525f6d8251f71b7;MSM9186;unknown;SONY;XPERIA TX;LT29I;qcom;SONY;SM-G925T;google;release-keys;user;sony/google/msm9186_6.0.1/MMB29M305568:user/release-keys
8525f6d8251f71b7;MSM9187;unknown;SONY;XPERIA U;ST25A;qcom;SONY;SM-G925T;google;release-keys;user;sony/google/msm9187_6.0.1/MMB29M6100476:user/release-keys
8525f6d8251f71b7;MSM9188;unknown;SONY;XPERIA U ST25I;ST25I;qcom;SONY;SM-G925T;google;release-keys;user;sony/google/msm9188_6.0.1/MMB29M3699072:user/release-keys
8525f6d8251f71b7;MSM9189;unknown;SONY;XPERIA UL;SOL22;qcom;SONY;SM-G925T;google;release-keys;user;sony/google/msm9189_6.0.1/MMB29M1536325:user/release-keys
8525f6d8251f71b7;MSM9190;unknown;SONY;XPERIA V;LT25I;qcom;SONY;SM-G925T;google;release-keys;user;sony/google/msm9190_6.0.1/MMB29M714740:user/release-keys
8525f6d8251f71b7;MSM9191;unknown;SONY;XPERIA VC;LT25C;qcom;SONY;SM-G925T;google;release-keys;user;sony/google/msm9191_6.0.1/MMB29M5564564:user/release-keys
8525f6d8251f71b7;MSM9192;unknown;SONY;XPERIA VL;CDMA SOL21;qcom;SONY;SM-G925T;google;release-keys;user;sony/google/msm9192_6.0.1/MMB29M9383871:user/release-keys
8525f6d8251f71b7;MSM9193;unknown;SONY;XPERIA Z;C6602;qcom;SONY;SM-G925T;google;release-keys;user;sony/google/msm9193_6.0.1/MMB29M3047868:user/release-keys
8525f6d8251f71b7;MSM9194;unknown;SONY;XPERIA Z C6616;C6616;qcom;SONY;SM-G925T;google;release-keys;user;sony/google/msm9194_6.0.1/MMB29M6944381:user/release-keys
8525f6d8251f71b7;MSM9195;unknown;SONY;XPERIA Z L36H;L36H;qcom;SONY;SM-G925T;google;release-keys;user;sony/google/msm9195_6.0.1/MMB29M3847706:user/release-keys
8525f6d8251f71b7;MSM9196;unknown;SONY;XPERIA Z LTE;C6603;qcom;SONY;SM-G925T;google;release-keys;user;sony/google/msm9196_6.0.1/MMB29M9243340:user/release-keys
8525f6d8251f71b7;MSM9197;unknown;SONY;XPERIA Z SO-02E;SO-02E;qcom;SONY;SM-G925T;google;release-keys;user;sony/google/msm9197_6.0.1/MMB29M3725877:user/release-keys
8525f6d8251f71b7;MSM9198;unknown;SONY;XPERIA Z T-MOBILE;C6606;qcom;SONY;SM-G925T;google;release-keys;user;sony/google/msm9198_6.0.1/MMB29M121795:user/release-keys
8525f6d8251f71b7;MSM9199;unknown;SONY;XPERIA Z ULTRA;C6833;qcom;SONY;SM-G925T;google;release-keys;user;sony/google/msm9199_6.0.1/MMB29M2937963:user/release-keys
8525f6d8251f71b7;MSM9200;unknown;SONY;XPERIA Z ULTRA C6802;C6802;qcom;SONY;SM-G925T;google;release-keys;user;sony/google/msm9200_6.0.1/MMB29M3587773:user/release-keys
8525f6d8251f71b7;MSM9201;unknown;SONY;XPERIA Z ULTRA C6806;C6806;qcom;SONY;SM-G925T;google;release-keys;user;sony/google/msm9201_6.0.1/MMB29M6197475:user/release-keys
8525f6d8251f71b7;MSM9202;unknown;SONY;XPERIA Z ULTRA C6843;C6843;qcom;SONY;SM-G925T;google;release-keys;user;sony/google/msm9202_6.0.1/MMB29M6265532:user/release-keys
8525f6d8251f71b7;MSM9203;unknown;SONY;XPERIA Z ULTRA SOL24;SOL24;qcom;SONY;SM-G925T;google;release-keys;user;sony/google/msm9203_6.0.1/MMB29M7296627:user/release-keys
8525f6d8251f71b7;MSM9204;unknown;SONY;XPERIA Z ULTRA XL39H;XL39H;qcom;SONY;SM-G925T;google;release-keys;user;sony/google/msm9204_6.0.1/MMB29M2855540:user/release-keys
8525f6d8251f71b7;MSM9205;unknown;SONY;XPERIA Z1;C6902;qcom;SONY;SM-G925T;google;release-keys;user;sony/google/msm9205_6.0.1/MMB29M5049127:user/release-keys
8525f6d8251f71b7;MSM9206;unknown;SONY;XPERIA Z1 C6903;C6903;qcom;SONY;SM-G925T;google;release-keys;user;sony/google/msm9206_6.0.1/MMB29M780779:user/release-keys
8525f6d8251f71b7;MSM9207;unknown;SONY;XPERIA Z1 C6906;C6906;qcom;SONY;SM-G925T;google;release-keys;user;sony/google/msm9207_6.0.1/MMB29M2643202:user/release-keys
8525f6d8251f71b7;MSM9208;unknown;SONY;XPERIA Z1 C6943;C6943;qcom;SONY;SM-G925T;google;release-keys;user;sony/google/msm9208_6.0.1/MMB29M156386:user/release-keys
8525f6d8251f71b7;MSM9209;unknown;SONY;XPERIA Z1 COMPACT;D5503;qcom;SONY;SM-G925T;google;release-keys;user;sony/google/msm9209_6.0.1/MMB29M7728763:user/release-keys
8525f6d8251f71b7;MSM9210;unknown;SONY;XPERIA Z1 COMPACT M51W;M51W;qcom;SONY;SM-G925T;google;release-keys;user;sony/google/msm9210_6.0.1/MMB29M5791037:user/release-keys
8525f6d8251f71b7;MSM9211;unknown;SONY;XPERIA Z1 L39T;L39T;qcom;SONY;SM-G925T;google;release-keys;user;sony/google/msm9211_6.0.1/MMB29M2294101:user/release-keys
8525f6d8251f71b7;MSM9212;unknown;SONY;XPERIA Z1 L39U;L39U;qcom;SONY;SM-G925T;google;release-keys;user;sony/google/msm9212_6.0.1/MMB29M4910415:user/release-keys
8525f6d8251f71b7;MSM9213;unknown;SONY;XPERIA Z1 SO-01F;SO-01F;qcom;SONY;SM-G925T;google;release-keys;user;sony/google/msm9213_6.0.1/MMB29M6897522:user/release-keys
8525f6d8251f71b7;MSM9214;unknown;SONY;XPERIA Z1 SOL23;SOL23;qcom;SONY;SM-G925T;google;release-keys;user;sony/google/msm9214_6.0.1/MMB29M3876478:user/release-keys
8525f6d8251f71b7;MSM9215;unknown;SONY;XPERIA Z1F;SO-02F;qcom;SONY;SM-G925T;google;release-keys;user;sony/google/msm9215_6.0.1/MMB29M4598396:user/release-keys
8525f6d8251f71b7;MSM9216;unknown;SONY;XPERIA Z1S;C6916;qcom;SONY;SM-G925T;google;release-keys;user;sony/google/msm9216_6.0.1/MMB29M440255:user/release-keys
8525f6d8251f71b7;MSM9217;unknown;SONY;XPERIA Z2;D6502;qcom;SONY;SM-G925T;google;release-keys;user;sony/google/msm9217_6.0.1/MMB29M6823410:user/release-keys
8525f6d8251f71b7;MSM9218;unknown;SONY;XPERIA Z2 D6503;D6503;qcom;SONY;SM-G925T;google;release-keys;user;sony/google/msm9218_6.0.1/MMB29M6966119:user/release-keys
8525f6d8251f71b7;MSM9219;unknown;SONY;XPERIA Z2 D6543;D6543;qcom;SONY;SM-G925T;google;release-keys;user;sony/google/msm9219_6.0.1/MMB29M5969972:user/release-keys
8525f6d8251f71b7;MSM9220;unknown;SONY;XPERIA Z2 L50T;L50T;qcom;SONY;SM-G925T;google;release-keys;user;sony/google/msm9220_6.0.1/MMB29M5643540:user/release-keys
8525f6d8251f71b7;MSM9221;unknown;SONY;XPERIA Z2 L50U;L50U;qcom;SONY;SM-G925T;google;release-keys;user;sony/google/msm9221_6.0.1/MMB29M211937:user/release-keys
8525f6d8251f71b7;MSM9222;unknown;SONY;XPERIA Z2 SO-03F;SO-03F;qcom;SONY;SM-G925T;google;release-keys;user;sony/google/msm9222_6.0.1/MMB29M3150989:user/release-keys
8525f6d8251f71b7;MSM9223;unknown;SONY;XPERIA Z2 TABLET;SGP541;qcom;SONY;SM-G925T;google;release-keys;user;sony/google/msm9223_6.0.1/MMB29M8122081:user/release-keys
8525f6d8251f71b7;MSM9224;unknown;SONY;XPERIA Z2 TABLET SGP521;SGP521;qcom;SONY;SM-G925T;google;release-keys;user;sony/google/msm9224_6.0.1/MMB29M466706:user/release-keys
8525f6d8251f71b7;MSM9225;unknown;SONY;XPERIA Z2 TABLET SGP551;SGP551;qcom;SONY;SM-G925T;google;release-keys;user;sony/google/msm9225_6.0.1/MMB29M1224050:user/release-keys
8525f6d8251f71b7;MSM9226;unknown;SONY;XPERIA Z2 TABLET SGP561;SGP561;qcom;SONY;SM-G925T;google;release-keys;user;sony/google/msm9226_6.0.1/MMB29M1292340:user/release-keys
8525f6d8251f71b7;MSM9227;unknown;SONY;XPERIA Z2 TABLET SO-05F;SO-05F;qcom;SONY;SM-G925T;google;release-keys;user;sony/google/msm9227_6.0.1/MMB29M1703500:user/release-keys
8525f6d8251f71b7;MSM9228;unknown;SONY;XPERIA Z2 TABLET SOT21;SOT21;qcom;SONY;SM-G925T;google;release-keys;user;sony/google/msm9228_6.0.1/MMB29M9472814:user/release-keys
8525f6d8251f71b7;MSM9229;unknown;SONY;XPERIA Z2 TABLET WI-FI 16 GB;SGP511;qcom;SONY;SM-G925T;google;release-keys;user;sony/google/msm9229_6.0.1/MMB29M9759590:user/release-keys
8525f6d8251f71b7;MSM9230;unknown;SONY;XPERIA Z2 TABLET WI-FI 32 GB;SGP512;qcom;SONY;SM-G925T;google;release-keys;user;sony/google/msm9230_6.0.1/MMB29M9017223:user/release-keys
8525f6d8251f71b7;MSM9231;unknown;SONY;XPERIA Z2A;D6563;qcom;SONY;SM-G925T;google;release-keys;user;sony/google/msm9231_6.0.1/MMB29M3671993:user/release-keys
8525f6d8251f71b7;MSM9232;unknown;SONY;XPERIA Z3;D6603;qcom;SONY;SM-G925T;google;release-keys;user;sony/google/msm9232_6.0.1/MMB29M5098013:user/release-keys
8525f6d8251f71b7;MSM9233;unknown;SONY;XPERIA Z3 401SO;401SO;qcom;SONY;SM-G925T;google;release-keys;user;sony/google/msm9233_6.0.1/MMB29M4426095:user/release-keys
8525f6d8251f71b7;MSM9234;unknown;SONY;XPERIA Z3 COMPACT;D5803;qcom;SONY;SM-G925T;google;release-keys;user;sony/google/msm9234_6.0.1/MMB29M322858:user/release-keys
8525f6d8251f71b7;MSM9235;unknown;SONY;XPERIA Z3 COMPACT D5833;D5833;qcom;SONY;SM-G925T;google;release-keys;user;sony/google/msm9235_6.0.1/MMB29M815933:user/release-keys
8525f6d8251f71b7;MSM9236;unknown;SONY;XPERIA Z3 COMPACT SO-02G;SO-02G;qcom;SONY;SM-G925T;google;release-keys;user;sony/google/msm9236_6.0.1/MMB29M9090777:user/release-keys
8525f6d8251f71b7;MSM9237;unknown;SONY;XPERIA Z3 D6616;D6616;qcom;SONY;SM-G925T;google;release-keys;user;sony/google/msm9237_6.0.1/MMB29M2417629:user/release-keys
8525f6d8251f71b7;MSM9238;unknown;SONY;XPERIA Z3 D6643;D6643;qcom;SONY;SM-G925T;google;release-keys;user;sony/google/msm9238_6.0.1/MMB29M4995258:user/release-keys
8525f6d8251f71b7;MSM9239;unknown;SONY;XPERIA Z3 D6653;D6653;qcom;SONY;SM-G925T;google;release-keys;user;sony/google/msm9239_6.0.1/MMB29M419535:user/release-keys
8525f6d8251f71b7;MSM9240;unknown;SONY;XPERIA Z3 DUAL;D6633;qcom;SONY;SM-G925T;google;release-keys;user;sony/google/msm9240_6.0.1/MMB29M5509237:user/release-keys
8525f6d8251f71b7;MSM9241;unknown;SONY;XPERIA Z3 L55T;L55T;qcom;SONY;SM-G925T;google;release-keys;user;sony/google/msm9241_6.0.1/MMB29M1099541:user/release-keys
8525f6d8251f71b7;MSM9242;unknown;SONY;XPERIA Z3 L55U;L55U;qcom;SONY;SM-G925T;google;release-keys;user;sony/google/msm9242_6.0.1/MMB29M2292750:user/release-keys
8525f6d8251f71b7;MSM9243;unknown;SONY;XPERIA Z3 SO-01G;SO-01G;qcom;SONY;SM-G925T;google;release-keys;user;sony/google/msm9243_6.0.1/MMB29M6187719:user/release-keys
8525f6d8251f71b7;MSM9244;unknown;SONY;XPERIA Z3 SOL26;SOL26;qcom;SONY;SM-G925T;google;release-keys;user;sony/google/msm9244_6.0.1/MMB29M1841709:user/release-keys
8525f6d8251f71b7;MSM9245;unknown;SONY;XPERIA Z3 TABLET COMPACT;SGP621;qcom;SONY;SM-G925T;google;release-keys;user;sony/google/msm9245_6.0.1/MMB29M8970664:user/release-keys
8525f6d8251f71b7;MSM9246;unknown;SONY;XPERIA Z3 TABLET COMPACT 16GB;SGP611;qcom;SONY;SM-G925T;google;release-keys;user;sony/google/msm9246_6.0.1/MMB29M6762982:user/release-keys
8525f6d8251f71b7;MSM9247;unknown;SONY;XPERIA Z3 TABLET COMPACT 32GB;SGP612;qcom;SONY;SM-G925T;google;release-keys;user;sony/google/msm9247_6.0.1/MMB29M6300837:user/release-keys
8525f6d8251f71b7;MSM9248;unknown;SONY;XPERIA Z3 TABLET COMPACT SGP641;SGP641;qcom;SONY;SM-G925T;google;release-keys;user;sony/google/msm9248_6.0.1/MMB29M6195639:user/release-keys
8525f6d8251f71b7;MSM9249;unknown;SONY;XPERIA Z3+;E6553;qcom;SONY;SM-G925T;google;release-keys;user;sony/google/msm9249_6.0.1/MMB29M7337663:user/release-keys
8525f6d8251f71b7;MSM9250;unknown;SONY;XPERIA Z3+ DUAL;E6533;qcom;SONY;SM-G925T;google;release-keys;user;sony/google/msm9250_6.0.1/MMB29M4819254:user/release-keys
8525f6d8251f71b7;MSM9251;unknown;SONY;XPERIA Z3V;D6708;qcom;SONY;SM-G925T;google;release-keys;user;sony/google/msm9251_6.0.1/MMB29M3188557:user/release-keys
8525f6d8251f71b7;MSM9252;unknown;SONY;XPERIA Z4;402SO;qcom;SONY;SM-G925T;google;release-keys;user;sony/google/msm9252_6.0.1/MMB29M5632249:user/release-keys
8525f6d8251f71b7;MSM9253;unknown;SONY;XPERIA Z4 COMPACT;XPERIA Z4 COMPACT;qcom;SONY;SM-G925T;google;release-keys;user;sony/google/msm9253_6.0.1/MMB29M7975956:user/release-keys
8525f6d8251f71b7;MSM9254;unknown;SONY;XPERIA Z4 SO-03G;SO-03G;qcom;SONY;SM-G925T;google;release-keys;user;sony/google/msm9254_6.0.1/MMB29M4740199:user/release-keys
8525f6d8251f71b7;MSM9255;unknown;SONY;XPERIA Z4 SOV31;SOV31;qcom;SONY;SM-G925T;google;release-keys;user;sony/google/msm9255_6.0.1/MMB29M5694537:user/release-keys
8525f6d8251f71b7;MSM9256;unknown;SONY;XPERIA Z4 TABLET;SGP771;qcom;SONY;SM-G925T;google;release-keys;user;sony/google/msm9256_6.0.1/MMB29M8888332:user/release-keys
8525f6d8251f71b7;MSM9257;unknown;SONY;XPERIA Z4 TABLET SO-05G;SO-05G;qcom;SONY;SM-G925T;google;release-keys;user;sony/google/msm9257_6.0.1/MMB29M404607:user/release-keys
8525f6d8251f71b7;MSM9258;unknown;SONY;XPERIA Z4 TABLET SOT31;SOT31;qcom;SONY;SM-G925T;google;release-keys;user;sony/google/msm9258_6.0.1/MMB29M9642827:user/release-keys
8525f6d8251f71b7;MSM9259;unknown;SONY;XPERIA Z4 TABLET WIFI;SGP712;qcom;SONY;SM-G925T;google;release-keys;user;sony/google/msm9259_6.0.1/MMB29M4667580:user/release-keys
8525f6d8251f71b7;MSM9260;unknown;SONY;XPERIA Z4 ULTRA;XPERIA Z4 ULTRA;qcom;SONY;SM-G925T;google;release-keys;user;sony/google/msm9260_6.0.1/MMB29M4390310:user/release-keys
8525f6d8251f71b7;MSM9261;unknown;SONY;XPERIA Z4V;E6508;qcom;SONY;SM-G925T;google;release-keys;user;sony/google/msm9261_6.0.1/MMB29M2481319:user/release-keys
8525f6d8251f71b7;MSM9262;unknown;SONY;XPERIA Z5;E6603;qcom;SONY;SM-G925T;google;release-keys;user;sony/google/msm9262_6.0.1/MMB29M3132759:user/release-keys
8525f6d8251f71b7;MSM9263;unknown;SONY;XPERIA Z5 501SO;501SO;qcom;SONY;SM-G925T;google;release-keys;user;sony/google/msm9263_6.0.1/MMB29M2598656:user/release-keys
8525f6d8251f71b7;MSM9264;unknown;SONY;XPERIA Z5 COMPACT;E5803;qcom;SONY;SM-G925T;google;release-keys;user;sony/google/msm9264_6.0.1/MMB29M4821528:user/release-keys
8525f6d8251f71b7;MSM9265;unknown;SONY;XPERIA Z5 COMPACT E5823;E5823;qcom;SONY;SM-G925T;google;release-keys;user;sony/google/msm9265_6.0.1/MMB29M7188322:user/release-keys
8525f6d8251f71b7;MSM9266;unknown;SONY;XPERIA Z5 COMPACT SO-02H;SO-02H;qcom;SONY;SM-G925T;google;release-keys;user;sony/google/msm9266_6.0.1/MMB29M9649438:user/release-keys
8525f6d8251f71b7;MSM9267;unknown;SONY;XPERIA Z5 DUAL;E6633;qcom;SONY;SM-G925T;google;release-keys;user;sony/google/msm9267_6.0.1/MMB29M5632613:user/release-keys
8525f6d8251f71b7;MSM9268;unknown;SONY;XPERIA Z5 DUAL E6683;E6683;qcom;SONY;SM-G925T;google;release-keys;user;sony/google/msm9268_6.0.1/MMB29M8768478:user/release-keys
8525f6d8251f71b7;MSM9269;unknown;SONY;XPERIA Z5 E6653;E6653;qcom;SONY;SM-G925T;google;release-keys;user;sony/google/msm9269_6.0.1/MMB29M6635259:user/release-keys
8525f6d8251f71b7;MSM9270;unknown;SONY;XPERIA Z5 PREMIUM;E6853;qcom;SONY;SM-G925T;google;release-keys;user;sony/google/msm9270_6.0.1/MMB29M7242512:user/release-keys
8525f6d8251f71b7;MSM9271;unknown;SONY;XPERIA Z5 PREMIUM DUAL;E6833;qcom;SONY;SM-G925T;google;release-keys;user;sony/google/msm9271_6.0.1/MMB29M2262584:user/release-keys
8525f6d8251f71b7;MSM9272;unknown;SONY;XPERIA Z5 PREMIUM DUAL E6883;E6883;qcom;SONY;SM-G925T;google;release-keys;user;sony/google/msm9272_6.0.1/MMB29M2773137:user/release-keys
8525f6d8251f71b7;MSM9273;unknown;SONY;XPERIA Z5 PREMIUM SO-03H;SO-03H;qcom;SONY;SM-G925T;google;release-keys;user;sony/google/msm9273_6.0.1/MMB29M9806090:user/release-keys
8525f6d8251f71b7;MSM9274;unknown;SONY;XPERIA Z5 SO-01H;SO-01H;qcom;SONY;SM-G925T;google;release-keys;user;sony/google/msm9274_6.0.1/MMB29M1268606:user/release-keys
8525f6d8251f71b7;MSM9275;unknown;SONY;XPERIA Z5 SOV32;SOV32;qcom;SONY;SM-G925T;google;release-keys;user;sony/google/msm9275_6.0.1/MMB29M7563623:user/release-keys
8525f6d8251f71b7;MSM9276;unknown;SONY;XPERIA ZL;C6502;qcom;SONY;SM-G925T;google;release-keys;user;sony/google/msm9276_6.0.1/MMB29M4585370:user/release-keys
8525f6d8251f71b7;MSM9277;unknown;SONY;XPERIA ZL C6503;C6503;qcom;SONY;SM-G925T;google;release-keys;user;sony/google/msm9277_6.0.1/MMB29M4366196:user/release-keys
8525f6d8251f71b7;MSM9278;unknown;SONY;XPERIA ZL C6506;C6506;qcom;SONY;SM-G925T;google;release-keys;user;sony/google/msm9278_6.0.1/MMB29M1535698:user/release-keys
8525f6d8251f71b7;MSM9279;unknown;SONY;XPERIA ZL2;SOL25;qcom;SONY;SM-G925T;google;release-keys;user;sony/google/msm9279_6.0.1/MMB29M8681975:user/release-keys
8525f6d8251f71b7;MSM9280;unknown;SONY;XPERIA ZR;C5502;qcom;SONY;SM-G925T;google;release-keys;user;sony/google/msm9280_6.0.1/MMB29M7549891:user/release-keys
8525f6d8251f71b7;MSM9281;unknown;SONY;XPERIA ZR LTE;C5503;qcom;SONY;SM-G925T;google;release-keys;user;sony/google/msm9281_6.0.1/MMB29M5791383:user/release-keys
